bvh_file,bvh_name,contact_ground,foot_ground_limit,fix_robot_penetration,mode,frames,all_max_penetration,all_penetration_frame_ratio,all_mean_penetration,all_p95_penetration,total_root_lift,max_root_lift,frames_with_lift,mean_lift_when_active,total_foot_slip,mean_xy_slip_per_contact_step,mean_xy_slip_per_contact_foot_frame,left_total_foot_slip,right_total_foot_slip,left_mean_xy_slip_per_contact_step,right_mean_xy_slip_per_contact_step,left_contact_step_count,right_contact_step_count,left_contact_frame_count,right_contact_frame_count,max_xy_slip_step,contact_step_count,contact_foot_frame_count,mean_error1,max_error1,mean_error2,max_error2,foot_max_penetration,foot_mean_penetration,foot_p95_penetration,foot_penetration_frame_ratio,leg_max_penetration,leg_mean_penetration,leg_p95_penetration,leg_penetration_frame_ratio,trunk_max_penetration,trunk_mean_penetration,trunk_p95_penetration,trunk_penetration_frame_ratio,arm_max_penetration,arm_mean_penetration,arm_p95_penetration,arm_penetration_frame_ratio
/data2/Documents/lafan1/aiming1_subject1.bvh,aiming1_subject1,False,False,False,contact_ground0_foot_ground_limit0_fix_robot_penetration0,500,0.009698648007994073,0.106,0.0003411512604284218,0.0026901846453923485,0.0,0.0,0,0.0,1.7544214119175676,0.004070583322314542,0.004014694306447523,1.7544214119175676,0.0,0.004070583322314542,0.0,431,0,437,0,0.029579000582163055,431,437,0.6991248528465048,0.8105293791109935,0.6991248528465048,0.8105293791109935,0.009698648007994073,0.0003411512604284218,0.0026901846453923485,0.106,0.0,0.0,0.0,0.0,0.0,0.0,0.0,0.0,0.0,0.0,0.0,0.0
/data2/Documents/lafan1/aiming1_subject1.bvh,aiming1_subject1,False,False,True,contact_ground0_foot_ground_limit0_fix_robot_penetration1,500,1.5092094240998222e-16,0.0,2.2516710718178957e-18,5.204170427930421e-18,0.16877798032826025,0.009700747320962383,53,0.003184490194872836,1.7544778596213693,0.0040707142914648935,0.004014823477394438,1.7544778596213693,0.0,0.0040707142914648935,0.0,431,0,437,0,0.02957900058216712,431,437,0.6985397020678459,0.8105293791109935,0.6985397020678459,0.8105293791109935,1.5092094240998222e-16,2.2516710718178957e-18,5.204170427930421e-18,0.0,0.0,0.0,0.0,0.0,0.0,0.0,0.0,0.0,0.0,0.0,0.0,0.0
/data2/Documents/lafan1/aiming1_subject1.bvh,aiming1_subject1,False,True,False,contact_ground0_foot_ground_limit1_fix_robot_penetration0,500,0.009224466243250592,0.106,0.00030406617514677694,0.002232479828486789,0.0,0.0,0,0.0,1.7544269424837846,0.004070596154254721,0.004014706962205457,1.7544269424837846,0.0,0.004070596154254721,0.0,431,0,437,0,0.02957900058216363,431,437,0.6991328994820741,0.8111919324245686,0.6991328994820741,0.8111919324245686,0.009224466243250592,0.00030406617514677694,0.002232479828486789,0.106,0.0,0.0,0.0,0.0,0.0,0.0,0.0,0.0,0.0,0.0,0.0,0.0
/data2/Documents/lafan1/aiming1_subject1.bvh,aiming1_subject1,False,True,True,contact_ground0_foot_ground_limit1_fix_robot_penetration1,500,1.6479873021779667e-16,0.0,2.366162821232365e-18,5.204170427930421e-18,0.15095942428024817,0.0092257559478077,53,0.0028482910241556265,1.7544243177894472,0.0040705900644766755,0.004014700956039925,1.7544243177894472,0.0,0.0040705900644766755,0.0,431,0,437,0,0.029579000582162715,431,437,0.6986072349736533,0.8111919324245686,0.6986072349736533,0.8111919324245686,1.6479873021779667e-16,2.366162821232365e-18,5.204170427930421e-18,0.0,0.0,0.0,0.0,0.0,0.0,0.0,0.0,0.0,0.0,0.0,0.0,0.0
/data2/Documents/lafan1/aiming1_subject1.bvh,aiming1_subject1,True,False,False,contact_ground1_foot_ground_limit0_fix_robot_penetration0,500,0.07601768682237955,1.0,0.037546088379002446,0.051892005104237596,0.0,0.0,0,0.0,1.6201167600527226,0.0037589716010504007,0.0037073610069856353,1.6201167600527226,0.0,0.0037589716010504007,0.0,431,0,437,0,0.05528863369215914,431,437,0.7013582967120049,0.8105475054188259,0.7013582967120049,0.8105475054188259,0.07601768682237955,0.037546088379002446,0.051892005104237596,1.0,0.009716252849481457,0.0005419783142600931,0.003526964800975235,0.236,0.0,0.0,0.0,0.0,0.0,0.0,0.0,0.0
/data2/Documents/lafan1/aiming1_subject1.bvh,aiming1_subject1,True,False,True,contact_ground1_foot_ground_limit0_fix_robot_penetration1,500,2.2724877535296173e-16,0.0,1.9637069748057457e-17,9.21138165743683e-17,18.518827110913264,0.0763129028418366,500,0.037037654221826526,1.6225166674267046,0.003764539831616484,0.003712852785873466,1.6225166674267046,0.0,0.003764539831616484,0.0,431,0,437,0,0.05411808630634465,431,437,0.6487271109871487,0.7946770407791289,0.6487271109871487,0.7946770407791289,2.2724877535296173e-16,1.9637069748057457e-17,9.21138165743683e-17,0.0,0.0,0.0,0.0,0.0,0.0,0.0,0.0,0.0,0.0,0.0,0.0,0.0
/data2/Documents/lafan1/aiming1_subject1.bvh,aiming1_subject1,True,True,False,contact_ground1_foot_ground_limit1_fix_robot_penetration0,500,0.013265835857975269,0.588,0.0011365772139818179,0.007624900691850035,0.0,0.0,0,0.0,1.7477934303129121,0.004055205174739935,0.003999527300487213,1.7477934303129121,0.0,0.004055205174739935,0.0,431,0,437,0,0.05323437576515349,431,437,0.6926551743838019,0.8107935701313446,0.6926551743838019,0.8107935701313446,0.013265835857975269,0.0011365772139818179,0.007624900691850035,0.588,0.0,0.0,0.0,0.0,0.0,0.0,0.0,0.0,0.0,0.0,0.0,0.0
/data2/Documents/lafan1/aiming1_subject1.bvh,aiming1_subject1,True,True,True,contact_ground1_foot_ground_limit1_fix_robot_penetration1,500,1.5785983631388945e-16,0.0,1.3489209749195652e-17,6.435824095873939e-17,0.5687074537035904,0.013265928813941485,293,0.0019409810706607182,1.7490303902288031,0.004058075151342931,0.0040023578723771235,1.7490303902288031,0.0,0.004058075151342931,0.0,431,0,437,0,0.05323515257538616,431,437,0.6911700381161818,0.8089260318462324,0.6911700381161818,0.8089260318462324,1.5785983631388945e-16,1.3489209749195652e-17,6.435824095873939e-17,0.0,0.0,0.0,0.0,0.0,0.0,0.0,0.0,0.0,0.0,0.0,0.0,0.0
/data2/Documents/lafan1/aiming1_subject4.bvh,aiming1_subject4,False,False,False,contact_ground0_foot_ground_limit0_fix_robot_penetration0,500,0.0058910067110921425,0.06,0.00011453329951866734,0.00047247086944291215,0.0,0.0,0,0.0,4.86327642789501,0.016485682806423763,0.015893060221879116,4.86327642789501,0.0,0.016485682806423763,0.0,295,0,306,0,0.05613699662936775,295,306,0.6310651266856291,0.8159321209015364,0.6310651266856291,0.8159321209015364,0.0058910067110921425,0.00011453329951866734,0.00047247086944291215,0.06,0.0,0.0,0.0,0.0,0.0,0.0,0.0,0.0,0.0,0.0,0.0,0.0
/data2/Documents/lafan1/aiming1_subject4.bvh,aiming1_subject4,False,False,True,contact_ground0_foot_ground_limit0_fix_robot_penetration1,500,1.3357370765021415e-16,0.0,9.26342336171615e-19,0.0,0.05730726348313314,0.005891517915141533,30,0.001910242116104438,4.863278303771299,0.016485689165326438,0.01589306635219379,4.863278303771299,0.0,0.016485689165326438,0.0,295,0,306,0,0.056136996157497766,295,306,0.630861015477523,0.8159321209015364,0.630861015477523,0.8159321209015364,1.3357370765021415e-16,9.26342336171615e-19,0.0,0.0,0.0,0.0,0.0,0.0,0.0,0.0,0.0,0.0,0.0,0.0,0.0,0.0
/data2/Documents/lafan1/aiming1_subject4.bvh,aiming1_subject4,False,True,False,contact_ground0_foot_ground_limit1_fix_robot_penetration0,500,0.0007930400234627388,0.01,3.816875622837026e-06,0.0,0.0,0.0,0,0.0,4.863336430693416,0.016485886205740395,0.01589325630945561,4.863336430693416,0.0,0.016485886205740395,0.0,295,0,306,0,0.05613691299922811,295,306,0.6309750238584324,0.8159321209015343,0.6309750238584324,0.8159321209015343,0.0007930400234627388,3.816875622837026e-06,0.0,0.01,0.0,0.0,0.0,0.0,0.0,0.0,0.0,0.0,0.0,0.0,0.0,0.0
/data2/Documents/lafan1/aiming1_subject4.bvh,aiming1_subject4,False,True,True,contact_ground0_foot_ground_limit1_fix_robot_penetration1,500,3.9898639947466563e-17,0.0,1.5959455978986625e-19,0.0,0.0019085905185368419,0.0007930400234627388,5,0.0003817181037073684,4.863336434554292,0.01648588621882811,0.015893256322072852,4.863336434554292,0.0,0.01648588621882811,0.0,295,0,306,0,0.05613691299912399,295,306,0.6309677808134162,0.8159321209015343,0.6309677808134162,0.8159321209015343,3.9898639947466563e-17,1.5959455978986625e-19,0.0,0.0,0.0,0.0,0.0,0.0,0.0,0.0,0.0,0.0,0.0,0.0,0.0,0.0
/data2/Documents/lafan1/aiming1_subject4.bvh,aiming1_subject4,True,False,False,contact_ground1_foot_ground_limit0_fix_robot_penetration0,500,0.06201526341922207,0.998,0.03477934474873427,0.05018235852534585,0.0,0.0,0,0.0,4.760461398674446,0.01613715728364219,0.015557063394360934,4.760461398674446,0.0,0.01613715728364219,0.0,295,0,306,0,0.056131101435110256,295,306,0.6331206765010221,0.8151755421490153,0.6331206765010221,0.8151755421490153,0.06201526341922207,0.03477934474873427,0.05018235852534585,0.998,0.025234548933108468,0.0026479302546549136,0.011108002166677436,0.394,0.0,0.0,0.0,0.0,0.0,0.0,0.0,0.0
/data2/Documents/lafan1/aiming1_subject4.bvh,aiming1_subject4,True,False,True,contact_ground1_foot_ground_limit0_fix_robot_penetration1,500,1.5785983631388945e-16,0.0,1.7725404477531015e-17,8.517492267046107e-17,17.247852495875925,0.0625662099999919,499,0.034564834661074,4.766677585382131,0.016158229102990276,0.015577377730006963,4.766677585382131,0.0,0.016158229102990276,0.0,295,0,306,0,0.05641677200398503,295,306,0.5801265388641845,0.7752731907381997,0.5801265388641845,0.7752731907381997,1.5785983631388945e-16,1.7725404477531015e-17,8.517492267046107e-17,0.0,0.0,0.0,0.0,0.0,0.0,0.0,0.0,0.0,0.0,0.0,0.0,0.0
/data2/Documents/lafan1/aiming1_subject4.bvh,aiming1_subject4,True,True,False,contact_ground1_foot_ground_limit1_fix_robot_penetration0,500,0.011730015075725275,0.608,0.0011554380425439707,0.004999250537775801,0.0,0.0,0,0.0,4.838374572469078,0.016401269737183317,0.01581168160937607,4.838374572469078,0.0,0.016401269737183317,0.0,295,0,306,0,0.05771739637684637,295,306,0.6299090763339827,0.8006011432341446,0.6299090763339827,0.8006011432341446,0.011730015075725275,0.0011554380425439707,0.004999250537775801,0.608,0.0,0.0,0.0,0.0,0.0,0.0,0.0,0.0,0.0,0.0,0.0,0.0
/data2/Documents/lafan1/aiming1_subject4.bvh,aiming1_subject4,True,True,True,contact_ground1_foot_ground_limit1_fix_robot_penetration1,500,1.5785983631388945e-16,0.0,1.0592221544314384e-17,5.048045315092493e-17,0.5778005303181977,0.011729949514845716,304,0.0019006596392045975,4.837991993114605,0.016399972858015612,0.01581043135004773,4.837991993114605,0.0,0.016399972858015612,0.0,295,0,306,0,0.05771757900348642,295,306,0.628255599504407,0.8003209262465903,0.628255599504407,0.8003209262465903,1.5785983631388945e-16,1.0592221544314384e-17,5.048045315092493e-17,0.0,0.0,0.0,0.0,0.0,0.0,0.0,0.0,0.0,0.0,0.0,0.0,0.0
/data2/Documents/lafan1/aiming2_subject2.bvh,aiming2_subject2,False,False,False,contact_ground0_foot_ground_limit0_fix_robot_penetration0,500,0.009193969188107136,0.242,0.0006861799936930199,0.004914982598638526,0.0,0.0,0,0.0,1.766127701008632,0.004276338259100804,0.004205065954782457,1.766127701008632,0.0,0.004276338259100804,0.0,413,0,420,0,0.0426809543031435,413,420,0.6013221660630147,0.7914250295174795,0.6013221660630147,0.7914250295174795,0.009193969188107136,0.0006861799936930199,0.004914982598638526,0.242,0.0,0.0,0.0,0.0,0.0,0.0,0.0,0.0,0.0,0.0,0.0,0.0
/data2/Documents/lafan1/aiming2_subject2.bvh,aiming2_subject2,False,False,True,contact_ground0_foot_ground_limit0_fix_robot_penetration1,500,1.0234868508263162e-16,0.0,3.6533276404071555e-18,2.6020852139652106e-17,0.31641496894959964,0.008655389343545627,121,0.0026149997433851215,1.7662770053890509,0.0042766997709177985,0.004205421441402502,1.7662770053890509,0.0,0.0042766997709177985,0.0,413,0,420,0,0.04268095430317256,413,420,0.6001394315776135,0.7914250295174795,0.6001394315776135,0.7914250295174795,1.0234868508263162e-16,3.6533276404071555e-18,2.6020852139652106e-17,0.0,0.0,0.0,0.0,0.0,0.0,0.0,0.0,0.0,0.0,0.0,0.0,0.0
/data2/Documents/lafan1/aiming2_subject2.bvh,aiming2_subject2,False,True,False,contact_ground0_foot_ground_limit1_fix_robot_penetration0,500,0.0035589102490563764,0.164,0.0002380321728921768,0.0014254804404487712,0.0,0.0,0,0.0,1.766595755553108,0.004277471563082586,0.004206180370364543,1.766595755553108,0.0,0.004277471563082586,0.0,413,0,420,0,0.0426809543031717,413,420,0.6017939651938501,0.794653762813742,0.6017939651938501,0.794653762813742,0.0035589102490563764,0.0002380321728921768,0.0014254804404487712,0.164,0.0,0.0,0.0,0.0,0.0,0.0,0.0,0.0,0.0,0.0,0.0,0.0
/data2/Documents/lafan1/aiming2_subject2.bvh,aiming2_subject2,False,True,True,contact_ground0_foot_ground_limit1_fix_robot_penetration1,500,1.6479873021779667e-16,0.0,3.4590386110977533e-18,2.6020852139652106e-17,0.11785126229333114,0.0036324438190995494,82,0.0014372105157723308,1.7665646604689151,0.004277396272321828,0.004206106334449798,1.7665646604689151,0.0,0.004277396272321828,0.0,413,0,420,0,0.04268095430317491,413,420,0.6013824771364189,0.794653762813742,0.6013824771364189,0.794653762813742,1.6479873021779667e-16,3.4590386110977533e-18,2.6020852139652106e-17,0.0,0.0,0.0,0.0,0.0,0.0,0.0,0.0,0.0,0.0,0.0,0.0,0.0
/data2/Documents/lafan1/aiming2_subject2.bvh,aiming2_subject2,True,False,False,contact_ground1_foot_ground_limit0_fix_robot_penetration0,500,0.06788974486782867,1.0,0.03727479927748648,0.0461756130246239,0.0,0.0,0,0.0,1.6553140716650943,0.004008024386598291,0.0039412239801549865,1.6553140716650943,0.0,0.004008024386598291,0.0,413,0,420,0,0.048408791503498215,413,420,0.6010317075747174,0.7914118222306654,0.6010317075747174,0.7914118222306654,0.06788974486782867,0.03727479927748648,0.0461756130246239,1.0,0.016556567936912785,0.0012345826109601827,0.004843550946071917,0.48,0.0,0.0,0.0,0.0,0.0,0.0,0.0,0.0
/data2/Documents/lafan1/aiming2_subject2.bvh,aiming2_subject2,True,False,True,contact_ground1_foot_ground_limit0_fix_robot_penetration1,500,1.9255430583342559e-16,0.0,1.8034185256254888e-17,6.071532165918825e-17,18.50493126907503,0.06755656572524432,500,0.03700986253815006,1.6940188397238376,0.004101740532018977,0.004033378189818661,1.6940188397238376,0.0,0.004101740532018977,0.0,413,0,420,0,0.04840282458310554,413,420,0.5385054052788951,0.7805134679136042,0.5385054052788951,0.7805134679136042,1.9255430583342559e-16,1.8034185256254888e-17,6.071532165918825e-17,0.0,0.0,0.0,0.0,0.0,0.0,0.0,0.0,0.0,0.0,0.0,0.0,0.0
/data2/Documents/lafan1/aiming2_subject2.bvh,aiming2_subject2,True,True,False,contact_ground1_foot_ground_limit1_fix_robot_penetration0,500,0.010132218617100832,0.238,0.0004674711611208023,0.0035353732048874985,0.0,0.0,0,0.0,1.8360240498082456,0.004445578813095026,0.004371485832876775,1.8360240498082456,0.0,0.004445578813095026,0.0,413,0,420,0,0.048350866974215714,413,420,0.6013317829171713,0.7912965533722294,0.6013317829171713,0.7912965533722294,0.010132218617100832,0.0004674711611208023,0.0035353732048874985,0.238,0.0,0.0,0.0,0.0,0.0,0.0,0.0,0.0,0.0,0.0,0.0,0.0
/data2/Documents/lafan1/aiming2_subject2.bvh,aiming2_subject2,True,True,True,contact_ground1_foot_ground_limit1_fix_robot_penetration1,500,1.5785983631388945e-16,0.0,5.73152636462737e-18,4.35415592470177e-17,0.2339133160279578,0.010130657049316085,119,0.0019656581178819988,1.8360204487139147,0.0044455700937382926,0.004371477258842654,1.8360204487139147,0.0,0.0044455700937382926,0.0,413,0,420,0,0.04835086697421507,413,420,0.6006440820161698,0.7893159367492967,0.6006440820161698,0.7893159367492967,1.5785983631388945e-16,5.73152636462737e-18,4.35415592470177e-17,0.0,0.0,0.0,0.0,0.0,0.0,0.0,0.0,0.0,0.0,0.0,0.0,0.0
/data2/Documents/lafan1/aiming2_subject3.bvh,aiming2_subject3,False,False,False,contact_ground0_foot_ground_limit0_fix_robot_penetration0,500,0.002249666762414006,0.038,4.192025298096224e-05,0.0,0.0,0.0,0,0.0,1.20916800525124,0.0027861013945881105,0.002754369032462961,1.20916800525124,0.0,0.0027861013945881105,0.0,434,0,439,0,0.04319215483833474,434,439,0.7435610737731251,0.9414754172339153,0.7435610737731251,0.9414754172339153,0.002249666762414006,4.192025298096224e-05,0.0,0.038,0.0,0.0,0.0,0.0,0.0,0.0,0.0,0.0,0.0,0.0,0.0,0.0
/data2/Documents/lafan1/aiming2_subject3.bvh,aiming2_subject3,False,False,True,contact_ground0_foot_ground_limit0_fix_robot_penetration1,500,7.112366251504909e-17,0.0,8.396061623727746e-19,0.0,0.021005086154967084,0.0022550932591009366,19,0.0011055308502614257,1.209168675475863,0.002786102938884477,0.002754370559170531,1.209168675475863,0.0,0.002786102938884477,0.0,434,0,439,0,0.04319215483833653,434,439,0.7434969192925872,0.9414754172339153,0.7434969192925872,0.9414754172339153,7.112366251504909e-17,8.396061623727746e-19,0.0,0.0,0.0,0.0,0.0,0.0,0.0,0.0,0.0,0.0,0.0,0.0,0.0,0.0
/data2/Documents/lafan1/aiming2_subject3.bvh,aiming2_subject3,False,True,False,contact_ground0_foot_ground_limit1_fix_robot_penetration0,500,0.0,0.0,0.0,0.0,0.0,0.0,0,0.0,1.2087193218333456,0.002785067561827985,0.00275334697456343,1.2087193218333456,0.0,0.002785067561827985,0.0,434,0,439,0,0.043192154473584564,434,439,0.7435369767203786,0.9414754172338621,0.7435369767203786,0.9414754172338621,0.0,0.0,0.0,0.0,0.0,0.0,0.0,0.0,0.0,0.0,0.0,0.0,0.0,0.0,0.0,0.0
/data2/Documents/lafan1/aiming2_subject3.bvh,aiming2_subject3,False,True,True,contact_ground0_foot_ground_limit1_fix_robot_penetration1,500,0.0,0.0,0.0,0.0,0.0,0.0,0,0.0,1.2087193218333456,0.002785067561827985,0.00275334697456343,1.2087193218333456,0.0,0.002785067561827985,0.0,434,0,439,0,0.043192154473584564,434,439,0.7435369767203786,0.9414754172338621,0.7435369767203786,0.9414754172338621,0.0,0.0,0.0,0.0,0.0,0.0,0.0,0.0,0.0,0.0,0.0,0.0,0.0,0.0,0.0,0.0
/data2/Documents/lafan1/aiming2_subject3.bvh,aiming2_subject3,True,False,False,contact_ground1_foot_ground_limit0_fix_robot_penetration0,500,0.0744533980610016,0.996,0.038229906717058386,0.05223876479607117,0.0,0.0,0,0.0,1.0425388383223695,0.0024021632219409436,0.0023748037319416162,1.0425388383223695,0.0,0.0024021632219409436,0.0,434,0,439,0,0.04297589772832879,434,439,0.7466905235940219,0.9607178016277002,0.7466905235940219,0.9607178016277002,0.0744533980610016,0.038229906717058386,0.05223876479607117,0.996,0.02744987043859578,0.007122005831630466,0.02069162345586085,0.694,0.0,0.0,0.0,0.0,0.0,0.0,0.0,0.0
/data2/Documents/lafan1/aiming2_subject3.bvh,aiming2_subject3,True,False,True,contact_ground1_foot_ground_limit0_fix_robot_penetration1,500,1.6479873021779667e-16,0.0,1.9248491689438652e-17,8.847089727481716e-17,18.622362523818705,0.07301547098265347,498,0.03739430225666406,1.0580956043096346,0.0024380083048609093,0.002410240556513974,1.0580956043096346,0.0,0.0024380083048609093,0.0,434,0,439,0,0.04233463833986173,434,439,0.7013102526932562,0.9035056817539633,0.7013102526932562,0.9035056817539633,1.6479873021779667e-16,1.9248491689438652e-17,8.847089727481716e-17,0.0,0.0,0.0,0.0,0.0,0.0,0.0,0.0,0.0,0.0,0.0,0.0,0.0
/data2/Documents/lafan1/aiming2_subject3.bvh,aiming2_subject3,True,True,False,contact_ground1_foot_ground_limit1_fix_robot_penetration0,500,0.01006388204415042,0.408,0.00041100702705510036,0.0019236536561157206,0.0,0.0,0,0.0,1.1160916680992023,0.00257163978824701,0.0025423500412282514,1.1160916680992023,0.0,0.00257163978824701,0.0,434,0,439,0,0.043783812490958945,434,439,0.7403977597848611,0.9537884875678223,0.7403977597848611,0.9537884875678223,0.01006388204415042,0.00041100702705510036,0.0019236536561157206,0.408,0.0,0.0,0.0,0.0,0.0,0.0,0.0,0.0,0.0,0.0,0.0,0.0
/data2/Documents/lafan1/aiming2_subject3.bvh,aiming2_subject3,True,True,True,contact_ground1_foot_ground_limit1_fix_robot_penetration1,500,1.4051260155412137e-16,0.0,6.539907504432563e-18,4.683753385137379e-17,0.2055072336445431,0.010063798609372973,204,0.0010073884002183486,1.1160922271194629,0.0025716410763121263,0.0025423513146229223,1.1160922271194629,0.0,0.0025716410763121263,0.0,434,0,439,0,0.04378380956509168,434,439,0.7398987228068299,0.9509546001034094,0.7398987228068299,0.9509546001034094,1.4051260155412137e-16,6.539907504432563e-18,4.683753385137379e-17,0.0,0.0,0.0,0.0,0.0,0.0,0.0,0.0,0.0,0.0,0.0,0.0,0.0
